H,000043992676,Bulk Upload 10 rec pos1,S,Y,,20220822,0700,20220830
D,LAC,1,,,,,0140397,,000043992502,CMD CAW,IDR,jawa,,,aris.ramadhan@danamon.co.id,,nova1,Per1,,,10,,,REM,S,,,,,Y,US,A0,,,2011,01,001
D,LAC,1,,,,,0140397,,000043992502,CMD CAW,IDR,Bogor,,,Mohamad.Novaldi@danamon.co.id,,nova2,Per2,,,11,,,REM,S,,,,,Y,US,A0,,,2011,01,001
D,LAC,1,,,,,0140397,,000043992502,CMD CAW,IDR,bogor,,,,,nova3,Per3,,,12,,,REM,S,,,,,Y,US,A0,,,2011,01,001
D,LAC,1,,,,,0140397,,000043992502,CMD CAW,IDR,bogor,,,,,nova4,Per4,,,13,,,REM,S,,,,,Y,US,A0,,,2011,01,001
D,LAC,1,,,,,0140397,,000043992502,CMD CAW,IDR,bogor,,,,,nova5,Per5,,,14,,,REM,S,,,,,Y,US,A0,,,2011,01,001
D,LAC,1,,,,,0140397,,000043992502,CMD CAW,IDR,bogor,,,,,nova6,Per6,,,15,,,REM,S,,,,,Y,US,A0,,,2011,01,001
D,LAC,1,,,,,0140397,,000043992502,CMD CAW,IDR,bogor,,,,,nova7,Per7,,,16,,,REM,S,,,,,Y,US,A0,,,2011,01,001
D,LAC,1,,,,,0140397,,000043992502,CMD CAW,IDR,bogor,,,,,nova8,Per8,,,17,,,REM,S,,,,,Y,US,A0,,,2011,01,001
D,LAC,1,,,,,0140397,,000043992502,CMD CAW,IDR,bogor,,,,,nova9,Per9,,,18,,,REM,S,,,,,Y,US,A0,,,2011,01,001
D,LAC,1,,,,,0140397,,000043992502,CMD CAW,IDR,bogor,,,,,nova10,Per10,,,19,,,REM,S,,,,,Y,US,A0,,,2011,01,001
