H,000043992676,py 10 rec pos1,S,Y,,20220820,0700,20220830
D,HYR,1,,,,,,,000043992502,FSC SEL1,IDR,jawa,,,aris.ramadhan@danamon.co.id,,ars1,Per1,,,10,,,REM,S,,,,,Y,US,A0,,,2011,01,001
D,HYR,1,,,,,,,000043992502,FSC SEL1,IDR,Bogor,,,muhammad.lukmanul@danamon.co.id,,ars2,Per2,,,11,,,REM,S,,,,,Y,US,A0,,,2011,01,001
D,HYR,1,,,,,,,000043992502,FSC SEL1,IDR,bogor,,,,,ars3,Per3,,,12,,,REM,S,,,,,Y,US,A0,,,2011,01,001
D,HYR,1,,,,,,,000043992502,FSC SEL1,IDR,bogor,,,,,ars4,Per4,,,13,,,REM,S,,,,,Y,US,A0,,,2011,01,001
D,HYR,1,,,,,,,000043992502,FSC SEL1,IDR,bogor,,,,,ars5,Per5,,,14,,,REM,S,,,,,Y,US,A0,,,2011,01,001
D,HYR,1,,,,,,,000043992502,FSC SEL1,IDR,bogor,,,,,ars6,Per6,,,15,,,REM,S,,,,,Y,US,A0,,,2011,01,001
D,HYR,1,,,,,,,000043992502,FSC SEL1,IDR,bogor,,,,,ars7,Per7,,,16,,,REM,S,,,,,Y,US,A0,,,2011,01,001
D,HYR,1,,,,,,,000043992502,FSC SEL1,IDR,bogor,,,,,ars8,Per8,,,17,,,REM,S,,,,,Y,US,A0,,,2011,01,001
D,HYR,1,,,,,,,000043992502,FSC SEL1,IDR,bogor,,,,,ars9,Per9,,,18,,,REM,S,,,,,Y,US,A0,,,2011,01,001
D,HYR,1,,,,,,,000043992502,FSC SEL1,IDR,bogor,,,,,ars10,Per10,,,19,,,REM,S,,,,,Y,US,A0,,,2011,01,001