H,000043992676,PY10 rec pos1,S,Y,,20220822,0700,20220830
D,LYR,1,,,,,0140397,,0160128810 ,Bakti Lawas Lawu,IDR,Jakarta 1,Jakarta 2,Jakarta 3,aris.ramadhan@danamon.co.id,085219429809,1 Payroll SKN  IDR  to aris sum,2100001,,,100,,,REM,C,,,,,Y,,,,,,,,
D,LYR,1,,,,,0140397,,0160128810 ,Bakti Lawas Lawu,IDR,Jakarta 1,Jakarta 2,Jakarta 3,muhammad.lukmanul@danamon.co.id,085219429809,2 Payroll SKN  IDR  to lukam sum,2100002,,,100,,,REM,C,,,,,Y,,,,,,,,
D,LYR,1,,,,,0140397,,0160128810 ,Bakti Lawas Lawu,IDR,Jakarta 1,Jakarta 2,Jakarta 3,,085219429809,3 Payroll SKN  IDR sum,2100003,,,100,,,REM,C,,,,,Y,,,,,,,,
D,LYR,1,,,,,0140397,,0160128810 ,Bakti Lawas Lawu,IDR,Jakarta 1,Jakarta 2,Jakarta 3,,085219429809,4 Payroll SKN  IDR sum,2100004,,,100,,,REM,C,,,,,Y,,,,,,,,
D,LYR,1,,,,,0140397,,0160128810 ,Bakti Lawas Lawu,IDR,Jakarta 1,Jakarta 2,Jakarta 3,,085219429809,5 Payroll SKN  IDR sum,2100005,,,100,,,REM,C,,,,,Y,,,,,,,,
D,LYR,1,,,,,0140397,,0160128810 ,Bakti Lawas Lawu,IDR,Jakarta 1,Jakarta 2,Jakarta 3,,085219429809,6 Payroll SKN  IDR sum,2100006,,,100,,,REM,C,,,,,Y,,,,,,,,
D,LYR,1,,,,,0140397,,0160128810 ,Bakti Lawas Lawu,IDR,Jakarta 1,Jakarta 2,Jakarta 3,,085219429809,7 Payroll SKN  IDR sum,2100007,,,100,,,REM,C,,,,,Y,,,,,,,,
D,LYR,1,,,,,0140397,,0160128810 ,Bakti Lawas Lawu,IDR,Jakarta 1,Jakarta 2,Jakarta 3,,085219429809,8 Payroll SKN  IDR sum,2100008,,,100,,,REM,C,,,,,Y,,,,,,,,
D,LYR,1,,,,,0140397,,0160128810 ,Bakti Lawas Lawu,IDR,Jakarta 1,Jakarta 2,Jakarta 3,,085219429809,9 Payroll SKN  IDR sum,2100009,,,100,,,REM,C,,,,,Y,,,,,,,,
D,LYR,1,,,,,0140397,,0160128810 ,Bakti Lawas Lawu,IDR,Jakarta 1,Jakarta 2,Jakarta 3,,085219429809,10 Payroll SKN  IDR sum,2100010,,,100,,,REM,C,,,,,Y,,,,,,,,